pH,Hardness (mg/L),Solids (mg/L),Chloramines (mg/L),Sulfate (mg/L),Conductivity (µS/cm),Organic_carbon (mg/L),Trihalomethanes (µg/L),Turbidity (NTU)
7.21,152,498,3.1,205,410,2.0,82,1.0
7.45,178,612,2.7,240,455,1.9,76,0.9
7.08,134,472,3.6,185,365,2.3,91,1.3
7.32,163,525,3.0,215,425,2.1,84,1.1
7.40,171,489,2.9,195,395,1.8,73,0.8
7.18,147,510,3.4,210,405,2.2,88,1.2
7.55,185,590,2.6,235,470,1.7,69,0.7
7.12,139,460,3.7,180,360,2.4,93,1.4
7.28,158,530,3.2,220,430,2.1,81,1.0
7.36,169,495,2.8,200,400,1.9,74,0.9
7.22,150,505,3.3,210,415,2.0,85,1.1
7.48,182,615,2.5,245,460,1.8,72,0.8
7.05,132,455,3.9,175,355,2.5,96,1.5
7.30,160,520,3.1,215,420,2.0,83,1.0
7.42,174,485,2.7,190,390,1.7,71,0.9
7.15,142,470,3.5,185,370,2.3,89,1.3
7.50,188,600,2.4,240,465,1.6,68,0.7
7.09,136,465,3.8,178,365,2.4,94,1.4
7.25,155,515,3.2,208,410,2.1,80,1.0
7.38,172,490,2.9,198,395,1.9,75,0.9
...
