ph,Hardness,Solids,Chloramines,Sulfate,Conductivity,Organic_carbon,Trihalomethanes,Turbidity
6.990828603692507,194.48341435001643,16053.350797768715,7.929818932871055,271.0505755187127,427.37500242657865,16.57656211655342,65.20598385510567,4.562859367662963
7.234901994034561,209.3799081570894,23400.135570419356,5.79881213588741,302.51134479377976,465.57146484213115,16.882059012550194,48.943918073949426,3.1351641157425774
6.022844620713642,167.6273002390669,14155.42954368064,7.439277719734874,305.25662806081283,549.7506177137499,16.06089531760127,56.77307314947298,3.4156196956872953
8.429257062170521,206.17046877710857,18876.93020709572,9.769976805746433,286.90048232934276,453.21074204740273,11.479959651259174,57.23953599094402,4.514035250832726
5.866646520930936,224.0393340671505,19334.540081957868,7.31696816158394,322.14248738188695,530.7092959424689,14.42499308236988,72.38196099076279,4.187944116990834
6.995300368360629,134.24536567321667,18812.71305499023,7.805459679340425,331.5622313107891,384.5098959715671,14.417932407281267,70.38111371161928,4.364017834954629
7.89765811381897,194.3624426826474,22868.317254821824,7.401095258430414,348.8942929285403,418.52088712069167,12.925663620901853,67.59695913088649,4.362663109968472
5.606784440001235,150.2126454569816,10888.627879217043,6.515210125298898,316.07342308200094,388.02720282980886,9.974902437282639,56.76708470407302,4.601445692410609
7.256834578616491,189.05725014289843,18176.346214897134,6.504742372789905,303.5547252910241,414.22723962408656,9.090673529477844,86.53802284142435,3.965519995497585
9.665172111766847,196.8854751128223,25792.851103133573,5.983471734843086,291.93227609171055,411.77876680055545,12.421395209018732,72.73521330694156,3.4958830789873425
5.238981636712715,169.49277962358926,23021.810949619812,6.638624822666063,401.2073866447,368.2463629506038,11.477737971694868,74.34288809749846,3.5211151206276075
6.084924659550241,186.88540436656558,18830.43133207591,7.0079695272067575,372.90288749380034,348.6444970779012,18.78073693417253,76.02803277668109,3.9713532499816213
6.718757695793662,169.71240161251987,13437.039193077702,6.777413260649014,344.9613705904979,463.8176872477576,12.853059034669956,87.41828328960808,2.6401662370314067
4.7251102565111625,208.9987221068338,27338.332471870013,9.649434627184487,324.82786184857724,393.0023364620662,15.554707586338315,97.53586465575819,4.110145734399148
6.703415763831791,211.22946984359538,19003.99154621113,4.858839654421417,377.56865607096086,468.6243399813076,14.724822432621082,59.42610345485143,4.10299255696936
7.621949764043165,178.09037679397315,30314.969701349866,8.596754437591866,310.2184491535948,471.44838848162476,13.370304828630577,70.21266385347558,4.387797319002828
5.194001430442803,191.60698648559335,32358.914040737123,7.845542606927256,350.41154419965363,474.76984275698317,12.878620507319711,48.46414503637787,3.786085111756652
4.852669138568128,198.08773658265227,23148.28906941392,4.183899448604331,345.2494855658487,513.7589191229707,7.664615574701271,64.80313471304082,4.295744782769962
9.364615818450718,175.72291529350912,34973.11875709618,5.183655138900455,289.8053669313175,416.2982413441413,15.108366351606515,40.751186931885584,4.858910428600295
5.054902273891271,263.2891631014255,22726.665622019445,7.473167544815628,352.57917587663377,429.73684229623944,15.024405081073718,55.37830155047672,3.389008982274535
